{"_wandb":{"runtime":12259},"_runtime":12259.829265821,"train/loss":-42.79104337492923,"epoch":15,"val/psnr":39.640348244624576,"val/ssim":0.9225156526546925,"_step":57390,"epoch/loss":-42.80220151982006,"_timestamp":1.7772593286562653e+09,"epoch/time_s":759.2379395961761}